Metric,Value
MAP,0.5010099646562337
Interpolated MAP,0.5217048125012416
Gain (%),59.67458262349472
