Metric,Value
MAP,0.013538304981761413
Interpolated MAP,0.02302388918169097
Gain (%),0.0
