Metric,Value
MAP,0.4469729875550508
Interpolated MAP,0.45750792328793827
Gain (%),60.91508087250197
