Metric,Value
MAP,0.627794047847041
Interpolated MAP,0.638559582521511
Gain (%),69.32681940816995
