Metric,Value
MAP,0.5071756331628358
Interpolated MAP,0.5173470409173019
Gain (%),60.550907551791354
