Metric,Value
MAP,0.47104381705809867
Interpolated MAP,0.4916425685136811
Gain (%),58.31847084988389
