Metric,Value
MAP,0.051301693199776795
Interpolated MAP,0.05975815203240254
Gain (%),3.528635615032374
