Metric,Value
MAP,0.5307459899307257
Interpolated MAP,0.541543600295585
Gain (%),66.45640378111564
