Metric,Value
MAP,0.5431711691035596
Interpolated MAP,0.5617918750326358
Gain (%),63.217430764567915
