Metric,Value
MAP,0.6122720095087382
Interpolated MAP,0.6261628116887524
Gain (%),70.115700724557
