Metric,Value
MAP,0.051914261604023904
Interpolated MAP,0.057292294007672655
Gain (%),8.814327353992109
